{"indexes":[{"v":{"$numberInt":"2"},"key":{"_id":{"$numberInt":"1"}},"name":"_id_"},{"v":{"$numberInt":"2"},"key":{"id":{"$numberInt":"1"}},"name":"__primary_key__","unique":true},{"v":{"$numberInt":"2"},"key":{"group_id":{"$numberInt":"1"},"permission_id":{"$numberInt":"1"}},"name":"auth_group_permissions_group_id_permission_id_0cd325b0_uniq","unique":true},{"v":{"$numberInt":"2"},"key":{"group_id":{"$numberInt":"1"}},"name":"auth_group_permissions_group_id_b120cbf9"},{"v":{"$numberInt":"2"},"key":{"permission_id":{"$numberInt":"1"}},"name":"auth_group_permissions_permission_id_84c5c92e"}],"uuid":"ea8e82a5b31d4770bae2388658be98c0","collectionName":"auth_group_permissions","type":"collection"}