{"indexes":[{"v":{"$numberInt":"2"},"key":{"_id":{"$numberInt":"1"}},"name":"_id_"},{"v":{"$numberInt":"2"},"key":{"id":{"$numberInt":"1"}},"name":"__primary_key__","unique":true},{"v":{"$numberInt":"2"},"key":{"content_type_id":{"$numberInt":"1"},"codename":{"$numberInt":"1"}},"name":"auth_permission_content_type_id_codename_01ab375a_uniq","unique":true},{"v":{"$numberInt":"2"},"key":{"content_type_id":{"$numberInt":"1"}},"name":"auth_permission_content_type_id_2f476e4b"}],"uuid":"6834b5f9ca9e48fab270464874ffc1d8","collectionName":"auth_permission","type":"collection"}