{"indexes":[{"v":{"$numberInt":"2"},"key":{"_id":{"$numberInt":"1"}},"name":"_id_"},{"v":{"$numberInt":"2"},"key":{"id":{"$numberInt":"1"}},"name":"__primary_key__","unique":true},{"v":{"$numberInt":"2"},"key":{"content_type_id":{"$numberInt":"1"}},"name":"django_admin_log_content_type_id_c4bce8eb"},{"v":{"$numberInt":"2"},"key":{"user_id":{"$numberInt":"1"}},"name":"django_admin_log_user_id_c564eba6"}],"uuid":"de7acfecaea6409c931ac9edd752453a","collectionName":"django_admin_log","type":"collection"}