{"indexes":[{"v":{"$numberInt":"2"},"key":{"_id":{"$numberInt":"1"}},"name":"_id_"},{"v":{"$numberInt":"2"},"key":{"id":{"$numberInt":"1"}},"name":"__primary_key__","unique":true},{"v":{"$numberInt":"2"},"key":{"checkstatement_id":{"$numberInt":"1"},"tag_id":{"$numberInt":"1"}},"name":"Flash_checkstatement_t_checkstatement_id_tag__b8109f45_uniq","unique":true},{"v":{"$numberInt":"2"},"key":{"checkstatement_id":{"$numberInt":"1"}},"name":"Flash_checkstatement_tags_checkstatement_id_33291328"},{"v":{"$numberInt":"2"},"key":{"tag_id":{"$numberInt":"1"}},"name":"Flash_checkstatement_tags_tag_id_f007fa08"}],"uuid":"5ddc394284c44a1c8b103866dd48ae46","collectionName":"Flash_checkstatement_tags","type":"collection"}