{"indexes":[{"v":{"$numberInt":"2"},"key":{"_id":{"$numberInt":"1"}},"name":"_id_"},{"v":{"$numberInt":"2"},"key":{"id":{"$numberInt":"1"}},"name":"__primary_key__","unique":true},{"v":{"$numberInt":"2"},"key":{"admission_number":{"$numberInt":"1"}},"name":"admission_number_1","unique":true},{"v":{"$numberInt":"2"},"key":{"user_id":{"$numberInt":"1"}},"name":"Flash_userprofile_user_id_035e7390_uniq","unique":true}],"uuid":"625be916a5e3473da63b5b5e03008d91","collectionName":"Flash_userprofile","type":"collection"}