{"indexes":[{"v":{"$numberInt":"2"},"key":{"_id":{"$numberInt":"1"}},"name":"_id_"},{"v":{"$numberInt":"2"},"key":{"id":{"$numberInt":"1"}},"name":"__primary_key__","unique":true},{"v":{"$numberInt":"2"},"key":{"created_by":{"$numberInt":"1"},"statement":{"$numberInt":"1"}},"name":"unique_created_by_statemet","unique":true},{"v":{"$numberInt":"2"},"key":{"folder_id":{"$numberInt":"1"}},"name":"Flash_mcquestion_folder_id_f7acb657"}],"uuid":"4ccf7c14b8884fccab1ca22b9a4eac15","collectionName":"Flash_mcquestion","type":"collection"}