{"indexes":[{"v":{"$numberInt":"2"},"key":{"_id":{"$numberInt":"1"}},"name":"_id_"},{"v":{"$numberInt":"2"},"key":{"id":{"$numberInt":"1"}},"name":"__primary_key__","unique":true},{"v":{"$numberInt":"2"},"key":{"flashcard_id":{"$numberInt":"1"},"flashcard_type":{"$numberInt":"1"}},"name":"Flash_feedback_flashcard_id_flashcard_type_f9ca5296_uniq","unique":true},{"v":{"$numberInt":"2"},"key":{"flashcard_id":{"$numberInt":"1"},"flashcard_type":{"$numberInt":"1"},"created_by":{"$numberInt":"1"}},"name":"unique_feedback_per_user","unique":true}],"uuid":"4fe9c8a83586472b8109bf66db9fcc15","collectionName":"Flash_feedback","type":"collection"}