{"indexes":[{"v":{"$numberInt":"2"},"key":{"_id":{"$numberInt":"1"}},"name":"_id_"},{"v":{"$numberInt":"2"},"key":{"id":{"$numberInt":"1"}},"name":"__primary_key__","unique":true},{"v":{"$numberInt":"2"},"key":{"quiz_id":{"$numberInt":"1"},"question_id":{"$numberInt":"1"}},"name":"Flash_quiz_questions_quiz_id_question_id_691d306e_uniq","unique":true},{"v":{"$numberInt":"2"},"key":{"quiz_id":{"$numberInt":"1"}},"name":"Flash_quiz_questions_quiz_id_d4cc22ef"},{"v":{"$numberInt":"2"},"key":{"question_id":{"$numberInt":"1"}},"name":"Flash_quiz_questions_question_id_e1308a3f"}],"uuid":"96a4c850ab05439aa4b84fe2ac3ee437","collectionName":"Flash_quiz_questions","type":"collection"}