{"indexes":[{"v":{"$numberInt":"2"},"key":{"_id":{"$numberInt":"1"}},"name":"_id_"},{"v":{"$numberInt":"2"},"key":{"id":{"$numberInt":"1"}},"name":"__primary_key__","unique":true},{"v":{"$numberInt":"2"},"key":{"question_id":{"$numberInt":"1"},"tag_id":{"$numberInt":"1"}},"name":"Flash_question_tags_question_id_tag_id_e76e52b7_uniq","unique":true},{"v":{"$numberInt":"2"},"key":{"question_id":{"$numberInt":"1"}},"name":"Flash_question_tags_question_id_c72e0120"},{"v":{"$numberInt":"2"},"key":{"tag_id":{"$numberInt":"1"}},"name":"Flash_question_tags_tag_id_80d32aae"}],"uuid":"b52c439ba8844da5a0f05e8c48009425","collectionName":"Flash_question_tags","type":"collection"}