{"indexes":[{"v":{"$numberInt":"2"},"key":{"_id":{"$numberInt":"1"}},"name":"_id_"},{"v":{"$numberInt":"2"},"key":{"id":{"$numberInt":"1"}},"name":"__primary_key__","unique":true},{"v":{"$numberInt":"2"},"key":{"fillquestions_id":{"$numberInt":"1"},"tag_id":{"$numberInt":"1"}},"name":"Flash_fillquestions_ta_fillquestions_id_tag_i_7fb17a75_uniq","unique":true},{"v":{"$numberInt":"2"},"key":{"fillquestions_id":{"$numberInt":"1"}},"name":"Flash_fillquestions_tags_fillquestions_id_5a5147ed"},{"v":{"$numberInt":"2"},"key":{"tag_id":{"$numberInt":"1"}},"name":"Flash_fillquestions_tags_tag_id_fc353116"}],"uuid":"56100f4eed424309ad84f5ef52044206","collectionName":"Flash_fillquestions_tags","type":"collection"}