{"indexes":[{"v":{"$numberInt":"2"},"key":{"_id":{"$numberInt":"1"}},"name":"_id_"},{"v":{"$numberInt":"2"},"key":{"id":{"$numberInt":"1"}},"name":"__primary_key__","unique":true},{"v":{"$numberInt":"2"},"key":{"folder_id":{"$numberInt":"1"}},"name":"Flash_truefalse_folder_id_cd338081"},{"v":{"$numberInt":"2"},"key":{"statement_id":{"$numberInt":"1"}},"name":"Flash_truefalse_statement_id_1537e92e"}],"uuid":"5bdacd63d94f4388b6ed4a6679f9e820","collectionName":"Flash_truefalse","type":"collection"}