{"indexes":[{"v":{"$numberInt":"2"},"key":{"_id":{"$numberInt":"1"}},"name":"_id_"},{"v":{"$numberInt":"2"},"key":{"id":{"$numberInt":"1"}},"name":"__primary_key__","unique":true},{"v":{"$numberInt":"2"},"key":{"user_id":{"$numberInt":"1"},"permission_id":{"$numberInt":"1"}},"name":"Flash_user_user_permis_user_id_permission_id_df48be1f_uniq","unique":true},{"v":{"$numberInt":"2"},"key":{"user_id":{"$numberInt":"1"}},"name":"Flash_user_user_permissions_user_id_e3b2a0b1"},{"v":{"$numberInt":"2"},"key":{"permission_id":{"$numberInt":"1"}},"name":"Flash_user_user_permissions_permission_id_c44f81d6"}],"uuid":"7df2e42b8569480392844a0f6952594f","collectionName":"Flash_user_user_permissions","type":"collection"}