{"indexes":[{"v":{"$numberInt":"2"},"key":{"_id":{"$numberInt":"1"}},"name":"_id_"},{"v":{"$numberInt":"2"},"key":{"id":{"$numberInt":"1"}},"name":"__primary_key__","unique":true},{"v":{"$numberInt":"2"},"key":{"folder_id":{"$numberInt":"1"}},"name":"Flash_fillanswers_folder_id_ebdcbe70"},{"v":{"$numberInt":"2"},"key":{"question_id":{"$numberInt":"1"}},"name":"Flash_fillanswers_question_id_1f62a25d"}],"uuid":"29e74b3278344ece9c9a969586635246","collectionName":"Flash_fillanswers","type":"collection"}