{"indexes":[{"v":{"$numberInt":"2"},"key":{"_id":{"$numberInt":"1"}},"name":"_id_"},{"v":{"$numberInt":"2"},"key":{"id":{"$numberInt":"1"}},"name":"__primary_key__","unique":true},{"v":{"$numberInt":"2"},"key":{"uploadedimage_id":{"$numberInt":"1"},"tag_id":{"$numberInt":"1"}},"name":"Flash_uploadedimage_ta_uploadedimage_id_tag_i_5326e474_uniq","unique":true},{"v":{"$numberInt":"2"},"key":{"uploadedimage_id":{"$numberInt":"1"}},"name":"Flash_uploadedimage_tags_uploadedimage_id_bb1e6508"},{"v":{"$numberInt":"2"},"key":{"tag_id":{"$numberInt":"1"}},"name":"Flash_uploadedimage_tags_tag_id_e14e6072"}],"uuid":"0b55695039a7415e88651b81e3a80a35","collectionName":"Flash_uploadedimage_tags","type":"collection"}