{"indexes":[{"v":{"$numberInt":"2"},"key":{"_id":{"$numberInt":"1"}},"name":"_id_"},{"v":{"$numberInt":"2"},"key":{"id":{"$numberInt":"1"}},"name":"__primary_key__","unique":true},{"v":{"$numberInt":"2"},"key":{"created_by_id":{"$numberInt":"1"}},"name":"Flash_quiz_created_by_id_ab068182"},{"v":{"$numberInt":"2"},"key":{"folder_id":{"$numberInt":"1"}},"name":"Flash_quiz_folder_id_1a748d6b"},{"v":{"$numberInt":"2"},"key":{"user_id":{"$numberInt":"1"}},"name":"Flash_quiz_user_id_b4588a3a"}],"uuid":"e263977d18fd45feb5a16ff3ec959911","collectionName":"Flash_quiz","type":"collection"}