{"indexes":[{"v":{"$numberInt":"2"},"key":{"_id":{"$numberInt":"1"}},"name":"_id_"},{"v":{"$numberInt":"2"},"key":{"id":{"$numberInt":"1"}},"name":"__primary_key__","unique":true},{"v":{"$numberInt":"2"},"key":{"mcquestion_id":{"$numberInt":"1"},"tag_id":{"$numberInt":"1"}},"name":"Flash_mcquestion_tags_mcquestion_id_tag_id_0f28dcb1_uniq","unique":true},{"v":{"$numberInt":"2"},"key":{"mcquestion_id":{"$numberInt":"1"}},"name":"Flash_mcquestion_tags_mcquestion_id_1c94da7c"},{"v":{"$numberInt":"2"},"key":{"tag_id":{"$numberInt":"1"}},"name":"Flash_mcquestion_tags_tag_id_b8b29a33"}],"uuid":"49c8ddda0b04489684cd99c4a65e5664","collectionName":"Flash_mcquestion_tags","type":"collection"}