{"indexes":[{"v":{"$numberInt":"2"},"key":{"_id":{"$numberInt":"1"}},"name":"_id_"},{"v":{"$numberInt":"2"},"key":{"id":{"$numberInt":"1"}},"name":"__primary_key__","unique":true},{"v":{"$numberInt":"2"},"key":{"created_by":{"$numberInt":"1"},"statement":{"$numberInt":"1"}},"name":"unique_created_by_statement","unique":true},{"v":{"$numberInt":"2"},"key":{"folder_id":{"$numberInt":"1"}},"name":"Flash_question_folder_id_b21fac80"}],"uuid":"e1d1028194ef4f3082bcb4da9ac78ee0","collectionName":"Flash_question","type":"collection"}