{"indexes":[{"v":{"$numberInt":"2"},"key":{"_id":{"$numberInt":"1"}},"name":"_id_"},{"v":{"$numberInt":"2"},"key":{"id":{"$numberInt":"1"}},"name":"__primary_key__","unique":true},{"v":{"$numberInt":"2"},"key":{"user_id":{"$numberInt":"1"},"group_id":{"$numberInt":"1"}},"name":"Flash_user_groups_user_id_group_id_fb75f33a_uniq","unique":true},{"v":{"$numberInt":"2"},"key":{"user_id":{"$numberInt":"1"}},"name":"Flash_user_groups_user_id_a89470b0"},{"v":{"$numberInt":"2"},"key":{"group_id":{"$numberInt":"1"}},"name":"Flash_user_groups_group_id_5ddfd994"}],"uuid":"698cb817fef94ca7b70bcd8d4018afb3","collectionName":"Flash_user_groups","type":"collection"}