{"indexes":[{"v":{"$numberInt":"2"},"key":{"_id":{"$numberInt":"1"}},"name":"_id_"},{"v":{"$numberInt":"2"},"key":{"next_review_date":{"$numberInt":"1"}},"name":"review_sche_next_re_56331f_idx"},{"v":{"$numberInt":"2"},"key":{"created_by":{"$numberInt":"1"}},"name":"review_sche_created_e1f7d2_idx"},{"v":{"$numberInt":"2"},"key":{"flashcard_id":{"$numberInt":"1"},"flashcard_type":{"$numberInt":"1"}},"name":"review_sche_flashca_647dcf_idx"}],"uuid":"9d9d474147664e1c85a41b515f57bf91","collectionName":"review_schedule","type":"collection"}